CREATE TABLE TBL_DEPT (
    DEPT_CODE CHAR(2) PRIMARY KEY,
    DEPT_NAME VARCHAR2(14),
    DEPT_OFFR VARCHAR2(14)
);

INSERT INTO TBL_DEPT VALUES ('10','영업부','김영업');
INSERT INTO TBL_DEPT VALUES ('20','총무부','이총무');
INSERT INTO TBL_DEPT VALUES ('30','구매부','박구매');
INSERT INTO TBL_DEPT VALUES ('40','개발부','조개발');

SELECT * FROM TBL_DEPT;

CREATE TABLE TBL_CAR (
    CAR_NO CHAR(10) PRIMARY KEY,
    CAR_MODEL VARCHAR2(14),
    CAR_COMPANY VARCHAR2(10),
    CAR_DATE CHAR(8)
);

INSERT INTO TBL_CAR VALUES ('10가0001','소나타','현대','20230101');
INSERT INTO TBL_CAR VALUES ('10가0002','K5','기아','20230102');
INSERT INTO TBL_CAR VALUES ('10가0003','SM5','삼성','20230103');
INSERT INTO TBL_CAR VALUES ('10가0004','그랜저','현대','20230104');
INSERT INTO TBL_CAR VALUES ('10가0005','K5','기아','20230105');

SELECT * FROM TBL_CAR;

CREATE TABLE TBL_DRIVE (
    DRV_DATE CHAR(8),
    CAR_NO CHAR(10),
    DRV_START NUMBER,
    DRV_END NUMBER,
    DEPT_CODE CHAR(2),
    DRV_MONEY NUMBER,
    
    CONSTRAINT PK_DRIVE PRIMARY KEY (DRV_DATE, CAR_NO),
    CONSTRAINT FK_DRIVE_CAR FOREIGN KEY (CAR_NO)
        REFERENCES TBL_CAR(CAR_NO),
    CONSTRAINT FK_DRIVE_DEPT FOREIGN KEY (DEPT_CODE)
        REFERENCES TBL_DEPT(DEPT_CODE)
);

INSERT INTO TBL_DRIVE VALUES ('20230301','10가0001',10000,10100,'10',20000);
INSERT INTO TBL_DRIVE VALUES ('20230301','10가0002',10000,10150,'10',30000);
INSERT INTO TBL_DRIVE VALUES ('20230301','10가0003',10000,10200,'20',30000);
INSERT INTO TBL_DRIVE VALUES ('20230301','10가0004',10000,10250,'30',40000);
INSERT INTO TBL_DRIVE VALUES ('20230301','10가0005',10000,10300,'40',40000);
INSERT INTO TBL_DRIVE VALUES ('20200302','10가0001',10100,10300,'10',25000);
INSERT INTO TBL_DRIVE VALUES ('20200302','10가0002',10150,10300,'10',20000);
INSERT INTO TBL_DRIVE VALUES ('20200302','10가0003',10200,10400,'20',35000);
INSERT INTO TBL_DRIVE VALUES ('20200302','10가0004',10250,10500,'20',40000);
INSERT INTO TBL_DRIVE VALUES ('20200302','10가0005',10300,10600,'30',50000);

SELECT * FROM TBL_DRIVE;
